part_name,part_type,sequence,type_clean,seq_length,aaa,aac,aag,aat,aca,acc,acg,act,aga,agc,agg,agt,ata,atc,atg,att,caa,cac,cag,cat,cca,ccc,ccg,cct,cga,cgc,cgg,cgt,cta,ctc,ctg,ctt,gaa,gac,gag,gat,gca,gcc,gcg,gct,gga,ggc,ggg,ggt,gta,gtc,gtg,gtt,taa,tac,tag,tat,tca,tcc,tcg,tct,tga,tgc,tgg,tgt,tta,ttc,ttg,ttt,type_encoded
BBa_J23101,promoter,tttacagctagctcagtcctaggtattatgctagc,promoter,35,0.0,0.0,0.0,0.0,1.0,0.0,0.0,0.0,0.0,3.0,1.0,1.0,0.0,0.0,1.0,1.0,0.0,0.0,2.0,0.0,0.0,0.0,0.0,1.0,0.0,0.0,0.0,0.0,3.0,1.0,0.0,0.0,0.0,0.0,0.0,0.0,0.0,0.0,0.0,3.0,0.0,0.0,0.0,1.0,1.0,1.0,0.0,0.0,0.0,1.0,3.0,2.0,1.0,1.0,0.0,0.0,0.0,1.0,0.0,0.0,2.0,0.0,0.0,1.0,2.0
BBa_J23105,promoter,tttacggctagctcagtcctaggtactatgctagc,promoter,35,0.0,0.0,0.0,0.0,0.0,0.0,1.0,1.0,0.0,2.0,1.0,1.0,0.0,0.0,1.0,0.0,0.0,0.0,1.0,0.0,0.0,0.0,0.0,1.0,0.0,0.0,1.0,0.0,4.0,1.0,0.0,0.0,0.0,0.0,0.0,0.0,0.0,0.0,0.0,3.0,0.0,1.0,0.0,1.0,1.0,1.0,0.0,0.0,0.0,2.0,3.0,1.0,1.0,1.0,0.0,0.0,0.0,1.0,0.0,0.0,1.0,0.0,0.0,1.0,2.0
PLacI,promoter,gcggcgcgccatcgaatggcgcaaaacctttcgcggtatggcatgatagcgcccggaagagagtcaattcagggtggtgaat,promoter,82,2.0,1.0,1.0,3.0,0.0,1.0,0.0,0.0,2.0,1.0,1.0,1.0,1.0,1.0,3.0,1.0,2.0,0.0,1.0,2.0,1.0,1.0,1.0,1.0,1.0,5.0,3.0,0.0,0.0,0.0,0.0,1.0,3.0,0.0,2.0,1.0,2.0,2.0,6.0,0.0,1.0,3.0,1.0,3.0,1.0,1.0,2.0,0.0,0.0,0.0,1.0,1.0,2.0,0.0,2.0,0.0,2.0,0.0,3.0,0.0,0.0,2.0,0.0,1.0,2.0
PTac,promoter(44),aacgatcgttggctgtgttgacaattaatcatcggctcgtataatgtgtggaattgtgagcgctcacaatt,promoter,71,0.0,1.0,0.0,5.0,2.0,0.0,1.0,0.0,0.0,1.0,0.0,0.0,1.0,3.0,1.0,3.0,2.0,1.0,0.0,1.0,0.0,0.0,0.0,0.0,1.0,1.0,1.0,2.0,0.0,2.0,1.0,0.0,1.0,1.0,1.0,1.0,0.0,0.0,1.0,3.0,1.0,2.0,0.0,0.0,1.0,0.0,4.0,2.0,2.0,0.0,0.0,1.0,2.0,0.0,3.0,0.0,2.0,0.0,2.0,5.0,1.0,0.0,3.0,0.0,2.0
PTet,promoter(13),tactccaccgttggcttttttccctatcagtgatagagattgacatccctatcagtgatagagataatgagcac,promoter,74,0.0,0.0,0.0,1.0,1.0,1.0,0.0,1.0,4.0,1.0,0.0,2.0,3.0,3.0,1.0,1.0,0.0,2.0,2.0,1.0,1.0,2.0,1.0,2.0,0.0,0.0,0.0,1.0,2.0,1.0,0.0,1.0,0.0,1.0,3.0,4.0,1.0,0.0,0.0,1.0,0.0,1.0,0.0,0.0,0.0,0.0,2.0,1.0,1.0,1.0,2.0,2.0,2.0,3.0,0.0,0.0,4.0,0.0,1.0,0.0,0.0,1.0,2.0,4.0,2.0
PBAD,promoter(45),acttttcatactcccgccattcagagaagaaaccaattgtccatattgcatcagacattgccgtcactgcgtcttttactggctcttctcgctaaccaaaccggtaaccccgcttattaaaagcattctgtaacaaagcgggaccaaagccatgacaaaaacgcgtaacaaaagtgtctataatcacggcagaaaagtccacattgattatttgcacggcgtcacactttgctatgccatagcatttttatccataagattagcggatcctacctgacgctttttatcgcaactctctactgtttctccatacccgtttttttgggctagc,promoter,331,13.0,8.0,7.0,2.0,6.0,7.0,4.0,7.0,6.0,6.0,0.0,2.0,6.0,5.0,2.0,11.0,7.0,6.0,3.0,12.0,10.0,4.0,5.0,2.0,0.0,6.0,5.0,5.0,6.0,6.0,5.0,6.0,3.0,4.0,1.0,3.0,6.0,4.0,5.0,6.0,2.0,4.0,2.0,1.0,3.0,6.0,1.0,2.0,7.0,5.0,3.0,7.0,6.0,6.0,2.0,8.0,3.0,6.0,2.0,4.0,7.0,5.0,7.0,18.0,2.0
PAmeR,promoter(13),tcgtcactagagggcgatagtgacaaacttgacaactcatcacttcctaggtataatgctagc,promoter,63,1.0,2.0,0.0,1.0,2.0,0.0,0.0,4.0,1.0,1.0,2.0,1.0,2.0,1.0,1.0,0.0,2.0,2.0,0.0,1.0,0.0,0.0,0.0,1.0,1.0,0.0,0.0,1.0,3.0,1.0,0.0,2.0,0.0,2.0,1.0,1.0,0.0,0.0,1.0,1.0,0.0,1.0,1.0,1.0,1.0,1.0,1.0,0.0,1.0,0.0,4.0,1.0,3.0,1.0,1.0,0.0,2.0,1.0,0.0,0.0,0.0,1.0,1.0,0.0,2.0
PAmtR,promoter(13),cttgtccaaccaaatgattcgttaccaattgacagtttctatcgatctatagataatgctagc,promoter,63,1.0,1.0,0.0,3.0,1.0,2.0,0.0,0.0,1.0,1.0,0.0,1.0,2.0,2.0,2.0,2.0,3.0,0.0,1.0,0.0,3.0,0.0,0.0,0.0,1.0,0.0,0.0,1.0,3.0,0.0,0.0,1.0,0.0,1.0,0.0,3.0,0.0,0.0,0.0,1.0,0.0,0.0,0.0,0.0,0.0,1.0,0.0,2.0,1.0,1.0,2.0,2.0,0.0,1.0,2.0,2.0,2.0,1.0,0.0,1.0,1.0,2.0,2.0,1.0,2.0
PBetI,promoter(13),agcgcgggtgagagggattcgttaccaattgacaattgattggacgttcaatataatgctagc,promoter,63,0.0,0.0,0.0,4.0,1.0,1.0,1.0,0.0,1.0,2.0,1.0,0.0,2.0,0.0,1.0,4.0,3.0,0.0,0.0,0.0,1.0,0.0,0.0,0.0,0.0,1.0,1.0,2.0,1.0,0.0,0.0,0.0,0.0,2.0,2.0,2.0,0.0,0.0,2.0,1.0,2.0,0.0,2.0,1.0,0.0,0.0,1.0,2.0,1.0,1.0,1.0,1.0,1.0,0.0,1.0,0.0,3.0,1.0,1.0,0.0,1.0,2.0,3.0,0.0,2.0
PBM3R1,promoter(13),aatccgcgtgataggtctgattcgttaccaattgacggaatgaacgttcattccgataatgctagc,promoter,66,0.0,1.0,0.0,4.0,0.0,1.0,2.0,0.0,0.0,1.0,1.0,0.0,2.0,1.0,2.0,3.0,1.0,0.0,0.0,1.0,1.0,0.0,2.0,0.0,1.0,1.0,1.0,3.0,1.0,0.0,1.0,0.0,2.0,1.0,0.0,3.0,0.0,0.0,1.0,1.0,1.0,0.0,0.0,1.0,0.0,1.0,1.0,2.0,1.0,1.0,2.0,0.0,1.0,2.0,1.0,1.0,4.0,1.0,0.0,0.0,1.0,3.0,1.0,0.0,2.0
PHlyIIR,promoter(13),accaggaatctgaacgattcgttaccaattgacatatttaaaattcttgtttaaaatgctagc,promoter,63,4.0,1.0,0.0,4.0,1.0,2.0,1.0,0.0,0.0,1.0,1.0,0.0,1.0,1.0,1.0,4.0,1.0,0.0,1.0,1.0,2.0,0.0,0.0,0.0,1.0,0.0,0.0,1.0,1.0,0.0,1.0,1.0,2.0,1.0,0.0,1.0,0.0,0.0,0.0,1.0,1.0,0.0,0.0,0.0,0.0,0.0,0.0,2.0,2.0,1.0,1.0,1.0,0.0,0.0,1.0,2.0,2.0,1.0,0.0,1.0,3.0,2.0,2.0,2.0,2.0
PIcaRA,promoter(13),gtcaactcataagattctgattcgttaccaattgacaattcacctacctttcgttaggttaggttgt,promoter,67,0.0,1.0,1.0,2.0,1.0,3.0,0.0,1.0,1.0,0.0,2.0,0.0,1.0,0.0,0.0,4.0,3.0,1.0,0.0,1.0,1.0,0.0,0.0,2.0,0.0,0.0,0.0,2.0,1.0,1.0,1.0,1.0,0.0,1.0,0.0,2.0,0.0,0.0,0.0,0.0,0.0,0.0,0.0,2.0,0.0,1.0,0.0,4.0,1.0,2.0,2.0,0.0,3.0,0.0,2.0,1.0,2.0,0.0,0.0,1.0,3.0,4.0,2.0,1.0,2.0
PLitR,promoter(13),cgagcgtagagcttagattcgttaccaattgacaaatttataaattgtcagtataatgctagc,promoter,63,2.0,0.0,0.0,4.0,1.0,1.0,0.0,0.0,2.0,3.0,0.0,1.0,2.0,0.0,1.0,4.0,2.0,0.0,1.0,0.0,1.0,0.0,0.0,0.0,1.0,0.0,0.0,2.0,1.0,0.0,0.0,1.0,0.0,1.0,2.0,1.0,0.0,0.0,1.0,2.0,0.0,0.0,0.0,0.0,2.0,1.0,0.0,1.0,2.0,1.0,3.0,2.0,1.0,0.0,1.0,0.0,1.0,1.0,0.0,1.0,3.0,1.0,2.0,1.0,2.0
PLmrA,promoter(13),cgctcattcactaggtctgattcgttaccaattgacaactggtggtcgaatcaagataatagaccagtcactatattt,promoter,78,0.0,1.0,1.0,3.0,1.0,2.0,0.0,3.0,2.0,0.0,1.0,1.0,3.0,1.0,0.0,4.0,3.0,2.0,1.0,1.0,2.0,0.0,0.0,0.0,1.0,1.0,0.0,1.0,2.0,1.0,2.0,0.0,1.0,2.0,0.0,2.0,0.0,0.0,0.0,1.0,0.0,0.0,0.0,3.0,0.0,3.0,1.0,1.0,1.0,1.0,2.0,2.0,4.0,0.0,2.0,1.0,2.0,0.0,2.0,0.0,1.0,2.0,1.0,1.0,2.0
PPhlF,promoter(13),cgacgtacggtggaatctgattcgttaccaattgacatgatacgaaacgtaccgtatcgttaaggt,promoter,66,1.0,1.0,1.0,2.0,1.0,2.0,4.0,0.0,0.0,0.0,1.0,0.0,1.0,2.0,1.0,2.0,1.0,0.0,0.0,1.0,1.0,0.0,1.0,0.0,2.0,0.0,1.0,5.0,0.0,0.0,1.0,0.0,2.0,2.0,0.0,2.0,0.0,0.0,0.0,0.0,1.0,0.0,0.0,2.0,3.0,0.0,1.0,2.0,1.0,4.0,0.0,1.0,0.0,0.0,2.0,1.0,3.0,0.0,1.0,0.0,2.0,1.0,1.0,0.0,2.0
PPsrA,promoter(13),tgatcgaacgcttcaaggaacaaacgtttgattgacagctagctcagtcctaggtataatgctagc,promoter,66,1.0,3.0,1.0,1.0,2.0,0.0,2.0,0.0,0.0,3.0,2.0,1.0,1.0,1.0,1.0,1.0,2.0,0.0,2.0,0.0,0.0,0.0,0.0,1.0,1.0,1.0,0.0,1.0,3.0,1.0,0.0,1.0,2.0,1.0,0.0,2.0,0.0,0.0,0.0,4.0,1.0,0.0,0.0,1.0,1.0,1.0,0.0,1.0,1.0,0.0,3.0,1.0,2.0,1.0,1.0,0.0,3.0,1.0,0.0,0.0,0.0,1.0,2.0,1.0,2.0
PQacR,promoter(13),ggtatggaagctatacgttaccaattgacagctagctcagtcctactttagtatatagaccgtgcgatcggtctata,promoter,77,0.0,0.0,1.0,1.0,1.0,2.0,1.0,1.0,1.0,3.0,0.0,2.0,4.0,1.0,1.0,1.0,1.0,0.0,2.0,0.0,1.0,0.0,1.0,1.0,1.0,0.0,1.0,2.0,4.0,1.0,0.0,1.0,1.0,2.0,0.0,1.0,0.0,0.0,1.0,3.0,1.0,0.0,0.0,2.0,2.0,2.0,1.0,1.0,0.0,3.0,3.0,5.0,1.0,1.0,1.0,1.0,1.0,1.0,1.0,0.0,2.0,0.0,1.0,1.0,2.0
PSrpR,promoter(13),tctatgattggtccagattcgttaccaattgacagctagctcagtcctaggtatatacatacatgcttgtttgtttgtaaac,promoter,82,1.0,1.0,0.0,1.0,3.0,1.0,0.0,0.0,1.0,2.0,1.0,1.0,3.0,0.0,2.0,3.0,1.0,0.0,3.0,2.0,2.0,0.0,0.0,1.0,0.0,0.0,0.0,1.0,3.0,1.0,0.0,1.0,0.0,1.0,0.0,2.0,0.0,0.0,0.0,3.0,0.0,0.0,0.0,2.0,2.0,2.0,0.0,3.0,1.0,3.0,2.0,3.0,1.0,2.0,1.0,1.0,2.0,1.0,1.0,3.0,1.0,1.0,5.0,2.0,2.0
RiboJ,insulator(2),agctgtcaccggatgtgctttccggtctgatgagtccgtgaggacgaaacagcctctacaaataattttgtttaa,insulator,75,2.0,1.0,0.0,2.0,2.0,1.0,1.0,0.0,0.0,2.0,1.0,1.0,1.0,0.0,2.0,1.0,1.0,1.0,1.0,0.0,0.0,0.0,3.0,1.0,1.0,0.0,2.0,1.0,1.0,1.0,2.0,1.0,1.0,1.0,2.0,2.0,0.0,1.0,0.0,2.0,2.0,0.0,0.0,1.0,0.0,3.0,2.0,1.0,2.0,1.0,0.0,0.0,1.0,2.0,0.0,2.0,3.0,1.0,0.0,3.0,1.0,1.0,1.0,4.0,1.0
RiboJ54,insulator,aggggtcagttgatgtgctttcaactctgatgagtcagtgatgacgaaaccccctctacaaataattttgtttaa,insulator,75,2.0,2.0,0.0,2.0,1.0,1.0,1.0,1.0,0.0,0.0,1.0,3.0,1.0,0.0,3.0,1.0,2.0,0.0,2.0,0.0,0.0,3.0,0.0,1.0,1.0,0.0,0.0,0.0,1.0,2.0,1.0,1.0,1.0,1.0,1.0,3.0,0.0,0.0,0.0,1.0,0.0,0.0,2.0,1.0,0.0,2.0,2.0,2.0,2.0,1.0,0.0,0.0,3.0,0.0,0.0,2.0,5.0,1.0,0.0,2.0,1.0,1.0,2.0,4.0,1.0
BydvJ,insulator,agggtgtctcaaggtgcgtaccttgactgatgagtccgaaaggacgaaacacccctctacaaataattttgtttaa,insulator,76,3.0,1.0,2.0,2.0,2.0,2.0,1.0,1.0,0.0,0.0,3.0,1.0,1.0,0.0,1.0,1.0,2.0,1.0,0.0,0.0,0.0,2.0,1.0,2.0,2.0,0.0,0.0,1.0,1.0,2.0,1.0,1.0,2.0,2.0,1.0,1.0,0.0,0.0,1.0,0.0,1.0,0.0,1.0,2.0,1.0,2.0,2.0,1.0,2.0,2.0,0.0,0.0,1.0,1.0,0.0,2.0,3.0,1.0,0.0,2.0,1.0,0.0,2.0,3.0,1.0
RiboJ57,insulator,agaagtcaattaatgtgcttttaattctgatgagtcggtgacgacgaaacttcctctacaaataattttgtttaa,insulator,75,2.0,1.0,1.0,5.0,1.0,0.0,2.0,1.0,1.0,0.0,0.0,2.0,1.0,0.0,2.0,3.0,2.0,0.0,0.0,0.0,0.0,0.0,0.0,1.0,2.0,0.0,1.0,0.0,1.0,1.0,1.0,2.0,2.0,2.0,1.0,1.0,0.0,0.0,0.0,1.0,0.0,0.0,0.0,1.0,0.0,2.0,2.0,1.0,4.0,1.0,0.0,0.0,1.0,1.0,1.0,2.0,3.0,1.0,0.0,2.0,3.0,2.0,1.0,5.0,1.0
SarJ,insulator(2),gactgtcgccggatgtgtatccgacctgacgatggcccaaaagggccgaaacagtcctctacaaataattttgtttaa,insulator,78,4.0,1.0,1.0,2.0,2.0,1.0,1.0,1.0,0.0,0.0,1.0,1.0,1.0,1.0,2.0,1.0,2.0,0.0,1.0,0.0,1.0,1.0,3.0,2.0,3.0,1.0,1.0,0.0,1.0,1.0,2.0,0.0,1.0,3.0,0.0,2.0,0.0,3.0,0.0,0.0,1.0,2.0,1.0,0.0,1.0,2.0,1.0,1.0,2.0,1.0,0.0,1.0,0.0,2.0,1.0,1.0,1.0,0.0,1.0,4.0,1.0,0.0,1.0,3.0,1.0
RiboJ51,insulator,agtagtcaccggctgtgcttgccggtctgatgagcctgtgaaggcgaaactacctctacaaataattttgtttaa,insulator,75,2.0,1.0,1.0,2.0,1.0,2.0,0.0,1.0,0.0,1.0,1.0,2.0,1.0,0.0,1.0,1.0,1.0,1.0,0.0,0.0,0.0,0.0,2.0,2.0,1.0,0.0,2.0,0.0,2.0,1.0,3.0,1.0,2.0,0.0,1.0,1.0,0.0,2.0,1.0,2.0,0.0,2.0,0.0,1.0,1.0,2.0,2.0,1.0,2.0,2.0,1.0,0.0,1.0,0.0,0.0,2.0,3.0,2.0,0.0,3.0,1.0,0.0,2.0,3.0,1.0
ElvJ,insulator,agccccatagggtggtgtgtaccacccctgatgagtccaaaaggacgaaatggggcctctacaaataattttgtttaa,insulator,78,4.0,0.0,1.0,3.0,1.0,2.0,1.0,0.0,0.0,1.0,2.0,1.0,2.0,0.0,2.0,1.0,2.0,1.0,0.0,1.0,3.0,4.0,0.0,2.0,1.0,0.0,0.0,0.0,1.0,1.0,1.0,0.0,1.0,1.0,1.0,1.0,0.0,2.0,0.0,0.0,1.0,1.0,3.0,2.0,1.0,1.0,3.0,1.0,2.0,2.0,1.0,0.0,0.0,1.0,0.0,1.0,2.0,0.0,2.0,3.0,1.0,0.0,1.0,3.0,1.0
PlmJ,insulator(2),agtcataagtctgggctaagcccactgatgagtcgctgaaatgcgacgaaacttatgacctctacaaataattttgtttaa,insulator,81,3.0,1.0,2.0,3.0,1.0,1.0,1.0,2.0,0.0,1.0,0.0,3.0,2.0,0.0,3.0,1.0,1.0,1.0,0.0,1.0,1.0,1.0,0.0,1.0,2.0,1.0,0.0,0.0,2.0,1.0,3.0,1.0,2.0,2.0,1.0,1.0,0.0,1.0,1.0,2.0,0.0,1.0,1.0,0.0,0.0,3.0,0.0,1.0,4.0,1.0,0.0,1.0,1.0,0.0,1.0,2.0,4.0,1.0,1.0,1.0,2.0,0.0,1.0,3.0,1.0
RiboJ64,insulator,aggagtcaattaatgtgcttttaattctgatgagacggtgacgtcgaaactccctctacaaataattttgtttaa,insulator,75,2.0,1.0,0.0,5.0,1.0,0.0,2.0,1.0,1.0,0.0,1.0,1.0,1.0,0.0,2.0,3.0,2.0,0.0,0.0,0.0,0.0,1.0,0.0,1.0,1.0,0.0,1.0,1.0,1.0,2.0,1.0,1.0,1.0,2.0,2.0,1.0,0.0,0.0,0.0,1.0,1.0,0.0,0.0,1.0,0.0,2.0,2.0,1.0,4.0,1.0,0.0,0.0,1.0,1.0,1.0,2.0,3.0,1.0,0.0,2.0,3.0,1.0,1.0,5.0,1.0
RiboJ53,insulator,agcggtcaacgcatgtgctttgcgttctgatgagacagtgatgtcgaaaccgcctctacaaataattttgtttaa,insulator,75,2.0,2.0,0.0,2.0,2.0,1.0,1.0,0.0,1.0,1.0,0.0,1.0,1.0,0.0,3.0,1.0,2.0,0.0,1.0,1.0,0.0,0.0,1.0,1.0,1.0,2.0,1.0,1.0,1.0,1.0,1.0,1.0,1.0,1.0,1.0,2.0,1.0,1.0,2.0,1.0,0.0,0.0,0.0,1.0,0.0,2.0,2.0,2.0,2.0,1.0,0.0,0.0,1.0,0.0,1.0,2.0,3.0,2.0,0.0,3.0,1.0,1.0,2.0,4.0,1.0
ScmJ,insulator,agcgctgtctgtacttgtatcagtacactgacgagtccctaaaggacgaaacaccgcctctacaaataattttgtttaa,insulator,79,3.0,1.0,1.0,2.0,3.0,1.0,2.0,2.0,0.0,1.0,1.0,2.0,1.0,1.0,0.0,1.0,1.0,2.0,1.0,0.0,0.0,1.0,1.0,2.0,2.0,2.0,0.0,0.0,2.0,1.0,3.0,1.0,1.0,2.0,1.0,0.0,0.0,1.0,1.0,1.0,1.0,0.0,0.0,0.0,3.0,2.0,0.0,1.0,3.0,3.0,0.0,1.0,1.0,1.0,0.0,2.0,1.0,0.0,0.0,4.0,1.0,0.0,2.0,3.0,1.0
RiboJ60,insulator,ctgaagtcgtcaagtgctgtgcttgcacttctgatgaggcagtgatgccgaaacgacctctacaaataattttgtttaa,insulator,79,2.0,1.0,2.0,2.0,1.0,1.0,1.0,1.0,0.0,0.0,1.0,3.0,1.0,0.0,2.0,1.0,2.0,1.0,1.0,0.0,0.0,0.0,1.0,1.0,2.0,0.0,0.0,1.0,1.0,1.0,3.0,2.0,2.0,1.0,1.0,2.0,2.0,1.0,0.0,2.0,0.0,1.0,0.0,0.0,0.0,2.0,3.0,1.0,2.0,1.0,0.0,0.0,1.0,0.0,1.0,2.0,4.0,4.0,0.0,2.0,1.0,1.0,2.0,3.0,1.0
RiboJ10,insulator,agcgctcaacgggtgtgcttcccgttctgatgagtccgtgaggacgaaagcgcctctacaaataattttgtttaa,insulator,75,2.0,1.0,1.0,2.0,1.0,0.0,2.0,0.0,0.0,2.0,1.0,1.0,1.0,0.0,1.0,1.0,2.0,0.0,0.0,0.0,0.0,1.0,2.0,1.0,1.0,2.0,1.0,2.0,1.0,2.0,1.0,1.0,1.0,1.0,2.0,1.0,0.0,1.0,2.0,2.0,1.0,0.0,1.0,1.0,0.0,1.0,3.0,2.0,2.0,1.0,0.0,0.0,1.0,2.0,0.0,2.0,3.0,1.0,0.0,2.0,1.0,2.0,1.0,3.0,1.0
yfp,gene(30),atggtgagcaagggcgaggagctgttcaccggggtggtgcccatcctggtcgagctggacggcgacgtaaacggccacaagttcagcgtgtccggcgagggcgagggcgatgccacctacggcaagctgaccctgaagttcatctgcaccacaggcaagctgcccgtgccctggcccaccctcgtgaccaccttcggctacggcctgcaatgcttcgcccgctaccccgaccacatgaagctgcacgacttcttcaagtccgccatgcccgaaggctacgtccaggagcgcaccatcttcttcaaggacgacggcaactacaagacccgcgccgaggtgaagttcgagggcgacaccctggtgaaccgcatcgagctgaagggcatcgacttcaaggaggacggcaacatcctggggcacaagctggagtacaactacaacagccacaacgtctatatcatggccgacaagcagaagaacggcatcaaggtgaacttcaagatccgccacaacatcgaggacggcagcgtgcagctcgccgaccactaccagcagaacaccccaatcggcgacggccccgtgctgctgcccgacaaccactaccttagctaccagtccgccctgagcaaagaccccaacgagaagcgcgatcacatggtcctgctggagttcgtgaccgccgccgggatcactctcggcatggacgagctgtacaagtaa,gene,720,2.0,13.0,21.0,2.0,18.0,21.0,16.0,8.0,7.0,19.0,15.0,8.0,1.0,13.0,8.0,0.0,24.0,19.0,10.0,13.0,18.0,20.0,19.0,12.0,23.0,13.0,15.0,9.0,10.0,4.0,20.0,9.0,11.0,20.0,17.0,4.0,19.0,20.0,13.0,17.0,11.0,23.0,10.0,8.0,4.0,7.0,12.0,5.0,2.0,11.0,1.0,2.0,11.0,8.0,12.0,6.0,11.0,14.0,12.0,3.0,1.0,13.0,0.0,0.0,0.0
lacI,gene(13),atgaaaccagtaacgttatacgatgtcgcagagtatgccggtgtctcttatcagaccgtttcccgcgtggtgaaccaggccagccacgtttctgcgaaaacgcgggaaaaagtggaagcggcgatggcggagctgaattacattcccaaccgcgtggcacaacaactggcgggcaaacagtcgttgctgattggcgttgccacctccagtctggccctgcacgcgccgtcgcaaattgtcgcggcgattaaatctcgcgccgatcaactgggtgccagcgtggtggtgtcgatggtagaacgaagcggcgtcgaagcctgtaaagcggcggtgcacaatcttctcgcgcaacgcgtcagtgggctgatcattaactatccgctggatgaccaggatgccattgctgtggaagctgcctgcactaatgttccggcgttatttcttgatgtctctgaccagacacccatcaacagtattattttctcccatgaggacggtacgcgactgggcgtggagcatctggtcgcattgggtcaccagcaaatcgcgctgttagcgggcccattaagttctgtctcggcgcgtctgcgtctggctggctggcataaatatctcactcgcaatcaaattcagccgatagcggaacgggaaggcgactggagtgccatgtccggttttcaacaaaccatgcaaatgctgaatgagggcatcgttcccactgcgatgctggttgccaacgatcagatggcgctgggcgcaatgcgcgccattaccgagtccgggctgcgcgttggtgcggatatctcggtagtgggatacgacgataccgaagatagctcatgttatatcccgccgttaaccaccatcaaacaggattttcgcctgctggggcaaaccagcgtggaccgcttgctgcaactctctcagggccaggcggtgaagggcaatcagctgttgccagtctcactggtgaaaagaaaaaccaccctggcgcccaatacgcaaaccgcctctccccgcgcgttggccgattcattaatgcagctggcacgacaggtttcccgactggaaagcgggcagtgataa,gene,1086,24.0,23.0,12.0,15.0,10.0,19.0,15.0,11.0,7.0,18.0,10.0,13.0,11.0,17.0,19.0,17.0,23.0,14.0,24.0,16.0,27.0,13.0,20.0,7.0,20.0,33.0,21.0,20.0,2.0,17.0,36.0,4.0,18.0,11.0,7.0,21.0,23.0,23.0,44.0,19.0,16.0,32.0,17.0,17.0,7.0,18.0,20.0,18.0,10.0,7.0,5.0,11.0,17.0,12.0,15.0,22.0,14.0,26.0,34.0,13.0,13.0,14.0,12.0,10.0,0.0
tetR,gene(13),atgtccagattagataaaagtaaagtgattaacagcgcattagagctgcttaatgaggtcggaatcgaaggtttaacaacccgtaaactcgcccagaagctaggtgtagagcagcctacattgtattggcatgtaaaaaataagcgggctttgctcgacgccttagccattgagatgttagataggcaccatactcacttttgccctttagaaggggaaagctggcaagattttttacgtaataacgctaaaagttttagatgtgctttactaagtcatcgcgatggagcaaaagtacatttaggtacacggcctacagaaaaacagtatgaaactctcgaaaatcaattagcctttttatgccaacaaggtttttcactagagaatgcattatatgcactcagcgctgtggggcattttactttaggttgcgtattggaagatcaagagcatcaagtcgctaaagaagaaagggaaacacctactactgatagtatgccgccattattacgacaagctatcgaattatttgatcaccaaggtgcagagccagccttcttattcggccttgaattgatcatatgcggattagaaaaacaacttaaatgtgaaagtgggtcctaa,gene,624,27.0,11.0,21.0,10.0,11.0,4.0,5.0,11.0,19.0,15.0,10.0,9.0,8.0,8.0,13.0,19.0,11.0,7.0,9.0,12.0,8.0,3.0,2.0,9.0,6.0,8.0,5.0,3.0,11.0,6.0,4.0,12.0,17.0,2.0,8.0,13.0,11.0,13.0,6.0,11.0,6.0,7.0,7.0,8.0,11.0,5.0,7.0,5.0,15.0,11.0,15.0,12.0,9.0,2.0,9.0,2.0,9.0,11.0,6.0,8.0,23.0,3.0,10.0,23.0,0.0
araC*,gene(40),atggctgaagcgcaaaatgatcccctgctgccgggatactcgtttaatgcccatctggtggcgggtttaacgccgattgaggccaacggttatctcgatttttttatcgaccgaccgctgggaatgaaaggttatattctcaatctcaccattcgcggtcagggggtggtgaaaaatcagggacgagaatttgtttgccgaccgggtgatattttgctgttcccgccaggagagattcatcactacggtcgtcatccggaggctcgcgaatggtatcaccagtgggtttactttcgtccgcgcgcctactggcatgaatggcttaactggccgtcaatatttgccaatacggggttctttcgcccggatgaagcgcaccagccgcatttcagcgacctgtttgggcaaatcattaacgccgggcaaggggaagggcgctattcggagctgctggcgataaatctgcttgagcaattgttactgcggcgcatggaagcgattaacgagtcgctccatccaccgatggataatcgggtacgcgaggcttgtcagtacatcagcgatcacctggcagacagcaattttgatatcgccagcgtcgcacagcatgtttgcttgtcgccgtcgcgtctgtcacatcttttccgccagcagttagggattagcgtcttaagctggcgcgaggaccaacgtatcagccaggcgaagctgcttttgagcaccacccggatgcctatcgccaccgtcggtcgcaatgttggttttgacgatcaactctatttctcgcgggtatttaaaaaatgcaccggggccagcccgagcgagttccgtgccggttgtgaagaaaaagtgaatgatgtagccgtcaagttgtcataa,gene,879,15.0,7.0,11.0,18.0,4.0,14.0,10.0,7.0,5.0,20.0,12.0,7.0,9.0,20.0,16.0,17.0,13.0,12.0,17.0,13.0,16.0,7.0,23.0,5.0,19.0,26.0,18.0,12.0,5.0,8.0,17.0,9.0,14.0,8.0,13.0,17.0,16.0,22.0,23.0,16.0,13.0,17.0,21.0,17.0,6.0,17.0,8.0,17.0,10.0,8.0,3.0,13.0,19.0,8.0,19.0,11.0,15.0,14.0,17.0,12.0,14.0,12.0,17.0,28.0,0.0
ameR,gene(13),atgaacaaaaccattgatcaggtgcgtaaaggtgatcgtaaaagcgatctgccggttcgtcgtcgtccgcgtcgtagtgccgaagaaacccgtcgtgatattctggcaaaagccgaagaactgtttcgtgaacgtggttttaatgcagttgccattgcagatattgcaagcgcactgaatatgagtccggcaaatgtgtttaaacattttagcagcaaaaacgcactggttgatgcaattggttttggtcagattggtgtttttgaacgtcagatttgtccgctggataaaagccatgcaccgctggatcgtctgcgtcatctggcacgtaatctgatggaacagcatcatcaggatcatttcaaacacatacgggtttttattcagatcctgatgaccgccaaacaggatatgaaatgtggcgattattacaaaagcgtgattgcaaaactgctggccgaaattattcgtgatggtgttgaagcaggtctgtatattgcaaccgatattccggttctggcagaaaccgttctgcatgcactgaccagcgttattcatccggttctgattgcacaagaagatattggtaatctggcaacccgttgtgatcagctggttgatctgattgatgcaggtctgcgtaatccgctggcaaaataa,gene,660,26.0,15.0,11.0,10.0,8.0,8.0,5.0,5.0,9.0,11.0,6.0,3.0,10.0,15.0,13.0,21.0,14.0,7.0,15.0,11.0,5.0,2.0,16.0,1.0,6.0,7.0,5.0,21.0,0.0,0.0,23.0,0.0,14.0,2.0,1.0,25.0,23.0,7.0,9.0,5.0,5.0,8.0,1.0,16.0,7.0,13.0,13.0,16.0,9.0,2.0,2.0,12.0,11.0,7.0,9.0,12.0,22.0,18.0,18.0,9.0,8.0,11.0,18.0,16.0,0.0
amtR,gene(13),atggcaggcgcagttggtcgtccgcgtcgtagtgcaccgcgtcgtgcaggtaaaaatccgcgtgaagaaattctggatgcaagcgcagaactgtttacccgtcagggttttgcaaccaccagtacccatcagattgcagatgcagttggtattcgtcaggcaagcctgtattatcattttccgagcaaaaccgaaatctttctgaccctgctgaaaagcaccgttgaaccgagcaccgttctggcagaagatctgagcaccctggatgcaggtccggaaatgcgtctgtgggcaattgttgcaagcgaagttcgtctgctgctgagcaccaaatggaatgttggtcgtctgtatcagctgccgattgttggtagcgaagaatttgcagaatatcatagccagcgtgaagcactgaccaatgtttttcgtgatctggcaaccgaaattgttggtgatgatccgcgtgcagaactgccgtttcatattaccatgagcgttattgaaatgcgtcgcaatgatggtaaaattccgagtccgctgagcgcagatagcctgccggaaaccgcaattatgctggcagatgcaagcctggcagttctgggtgcaccgctgcctgcagatcgtgttgaaaaaaccctggaactgattaaacaggcagatgcaaaataa,gene,669,23.0,10.0,10.0,16.0,1.0,18.0,0.0,4.0,13.0,17.0,6.0,7.0,5.0,10.0,16.0,14.0,13.0,8.0,22.0,5.0,7.0,5.0,19.0,7.0,8.0,11.0,2.0,20.0,0.0,0.0,27.0,1.0,20.0,2.0,7.0,15.0,33.0,8.0,13.0,7.0,6.0,9.0,3.0,10.0,8.0,13.0,10.0,16.0,4.0,3.0,4.0,8.0,7.0,7.0,9.0,10.0,17.0,24.0,17.0,10.0,6.0,10.0,15.0,11.0,0.0
betI,gene(13),atgccgaaactgggtatgcagagcattcgtcgtcgtcagctgattgatgcaaccctggaagcaattaatgaagttggtatgcatgatgcaaccattgcacagattgcacgtcgtgccggtgttagcaccggtattattagccattatttccgcgataaaaacggtctgctggaagcaaccatgcgtgatattaccagccagctgcgtgatgcagttctgaatcgtctgcatgcactgccgcagggtagcgcagaacagcgtctgcaggcaattgttggtggtaattttgatgaaacccaggttagcagcgcagcaatgaaagcatggctggcattttgggcaagcagcatgcatcagccgatgctgtatcgtctgcagcaggttagcagtcgtcgtctgctgagcaatctggttagcgaatttcgtcgtgaactgcctcgtgaacaggcacaagaggcaggttatggtctggcagcactgattgatggtctgtggctgcgtgcagcactgagcggtaaaccgctggataaaacccgtgcaaatagcctgacccgtcattttatcacccagcatctgccgaccgattaa,gene,588,10.0,11.0,6.0,9.0,4.0,11.0,2.0,5.0,4.0,26.0,7.0,3.0,4.0,6.0,17.0,17.0,10.0,8.0,23.0,12.0,7.0,5.0,11.0,3.0,6.0,5.0,4.0,18.0,0.0,1.0,25.0,0.0,11.0,2.0,4.0,13.0,38.0,9.0,9.0,8.0,3.0,8.0,3.0,15.0,7.0,15.0,10.0,8.0,6.0,1.0,7.0,9.0,4.0,1.0,11.0,10.0,17.0,25.0,15.0,4.0,12.0,4.0,9.0,8.0,0.0
bm3R1,gene(13),atggaaagcaccccgaccaaacagaaagcaatttttagcgcaagcctgctgctgtttgcagaacgtggttttgatgcaaccaccatgccgatgattgcagaaaatgcaaaagttggtgcaggcaccatttatcgctatttcaaaaacaaagaaagcctggtgaacgaactgtttcagcagcatgttaatgaatttctgcagtgtattgaaagcggtctggcaaatgaacgtgatggttatcgtgatggctttcatcacatttttgaaggtatggtgacctttaccaaaaatcatccgcgtgcactgggttttatcaaaacccatagccagggcacctttctgaccgaagaaagccgtctggcatatcagaaactggttgaatttgtgtgcaccttttttcgtgaaggtcagaaacagggtgtgattcgtaatctgccggaaaatgcactgattgcaattctgtttggcagctttatggaagtgtatgaaatgatcgagaacgattatctgagcctgaccgatgaactgctgaccggtgttgaagaaagcctgtgggcagcactgagccgtcagagctaa,gene,579,26.0,12.0,14.0,11.0,4.0,13.0,4.0,6.0,10.0,16.0,5.0,3.0,2.0,10.0,16.0,12.0,11.0,9.0,14.0,8.0,7.0,3.0,9.0,7.0,7.0,3.0,3.0,8.0,2.0,0.0,20.0,5.0,24.0,5.0,4.0,10.0,22.0,9.0,3.0,7.0,3.0,7.0,4.0,12.0,4.0,4.0,16.0,10.0,3.0,1.0,2.0,10.0,9.0,1.0,5.0,7.0,23.0,15.0,14.0,11.0,8.0,8.0,11.0,25.0,0.0
hlyIIR,gene(13),atgaaatacatcctgtttgaggtgtgcgaaatgggtaaaagccgtgaacagaccatggaaaatattctgaaagcagccaaaaagaaattcggcgaacgtggttatgaaggcaccagcattcaagaaattaccaaagaagccaaagttaacgttgcaatggccagctattactttaatggcaaagagaacctgtactacgaggtgttcaaaaaatacggtctggcaaatgaactgccgaactttctggaaaaaaaccagtttaatccgattaatgccctgcgtgaatatctgaccgtttttaccacccacattaaagaaaatccggaaattggcaccctggcctatgaagaaattatcaaagaaagcgcacgcctggaaaaaatcaaaccgtattttatcggcagcttcgaacagctgaaagaaattctgcaagagggtgaaaaacagggtgtgtttcacttttttagcatcaaccataccatccattggattaccagcattgttctgtttccgaaattcaaaaaattcatcgatagcctgggtccgaatgaaaccaatgataccaatcatgaatggatgccggaagatctggttagccgtattattagcgcactgaccgataaaccgaacatttaa,gene,636,49.0,14.0,16.0,23.0,6.0,17.0,5.0,6.0,12.0,14.0,5.0,2.0,8.0,12.0,14.0,19.0,15.0,7.0,9.0,12.0,15.0,3.0,12.0,7.0,11.0,3.0,5.0,7.0,3.0,0.0,16.0,4.0,31.0,3.0,4.0,7.0,13.0,11.0,5.0,3.0,7.0,8.0,4.0,9.0,4.0,2.0,9.0,11.0,8.0,10.0,4.0,10.0,9.0,6.0,4.0,7.0,15.0,7.0,14.0,8.0,17.0,12.0,5.0,16.0,0.0
icaRA,gene(13),gtgaaagacaaaattatcgataacgccatcaccctgtttagcgaaaaaggttatgacggcaccaccctggatgatattgcaaaaagcgtgaacatcaaaaaagccagcctgtattatcactttgatagcaaaaaaagcatctacgagcagagcgttaaatgctgtttcgattatctgaacaacatcatcatgatgaaccagaacaaaagcaactatagcatcgatgccctgtatcagtttctgtttgagttcatcttcgatatcgaggaacgctatattcgtatgtatgttcagctgagcaacacaccggaagaattttcaggtaacatttatggccagatccaggatctgaatcagagcctgagcaaagaaatcgccaaattctatgacgaaagcaaaatcaaaatgaccaaagaggacttccagaatctgattctgctgtttctggaaagctggtatctgaaagccagctttagccagaaatttggtgcagttgaagaaagcaaaagccagtttaaagatgaggtttatagcctgctgaacatctttctgaagaaataa,gene,561,38.0,11.0,17.0,11.0,9.0,6.0,5.0,3.0,13.0,22.0,6.0,4.0,8.0,20.0,12.0,10.0,14.0,6.0,14.0,10.0,12.0,3.0,1.0,6.0,8.0,3.0,2.0,3.0,4.0,0.0,19.0,5.0,21.0,5.0,9.0,12.0,12.0,11.0,3.0,7.0,6.0,2.0,0.0,5.0,6.0,0.0,3.0,12.0,5.0,1.0,5.0,17.0,11.0,2.0,7.0,12.0,20.0,6.0,5.0,8.0,10.0,12.0,5.0,14.0,0.0
litR,gene(13),atggataccattcagaaacgtccgcgtacccgtctgagtccggaaaaacgtaaagaacagctgctggatattgccattgaagtttttagccagcgtggtattggtcgtggtggtcatgcagatattgcagaaattgcacaggttagcgttgcaaccgtgtttaactattttccgacccgtgaagatctggttgatgatgttctgaacaaagtggaaaacgagtttcaccagttcatcaataacagcattagcctggatctggatgttcgtagcaatctgaataccctgctgctgaacattattgatagcgttcagaccggcaacaaatggattaaagtttggtttgaatggtcaaccagcacccgtgatgaagtttggcctctgtttctgagcacccatagcaataccaatcaggtgatcaaaaccatgtttgaagagggtattgaacgcaatgaagtgtgcaatgatcatacaccggaaaatctgaccaaaatgctgcatggtatttgctatagcgtgtttattcaggccaatcgtaatagcagcagcgaagaaatggaagaaaccgcaaattgctttctgaatatgctgtgcatctacaaataa,gene,606,21.0,14.0,10.0,18.0,8.0,15.0,4.0,1.0,9.0,15.0,4.0,8.0,13.0,10.0,15.0,15.0,16.0,5.0,14.0,11.0,10.0,5.0,10.0,3.0,3.0,3.0,3.0,14.0,3.0,1.0,17.0,1.0,21.0,3.0,4.0,13.0,17.0,5.0,6.0,8.0,9.0,3.0,1.0,11.0,7.0,6.0,12.0,16.0,6.0,6.0,8.0,10.0,11.0,3.0,3.0,10.0,20.0,15.0,16.0,8.0,7.0,10.0,15.0,15.0,0.0
lmrA,gene(13),atgagctatggtgatagccgtgaaaaaattctgagcgcagcaacccgtctgtttcagctgcagggttattatggcaccggtctgaatcagattatcaaagaaagcggtgcaccgaaaggtagcctgtattatcattttccgggtggtaaagaacagctggcaattgaagcagtgaacgaaatgaaagaatatatccgccagaaaatcgccgattgtatggaagcatgtaccgatccggcagaaggtattcaggcatttctgaaagaactgagctgtcagtttagctgtaccgaagatattgaaggtctgccggttggtctgctggcagcagaaaccagcctgaaaagcgaaccgctgcgtgaagcatgtcatgaagcatataaagaatgggccagcgtgtatgaagaaaaactgcgtcagaccggttgtagcgaaagccgtgcaaaagaagcaagcaccgttgttaatgcaatgattgaaggtggtattctgctgagcctgaccgcaaaaaatagcacaccgctgctgcatattagcagctgtattccggatctgctgaaacgttaa,gene,567,28.0,8.0,21.0,10.0,2.0,11.0,2.0,2.0,13.0,26.0,6.0,2.0,8.0,7.0,12.0,14.0,7.0,5.0,16.0,7.0,3.0,1.0,18.0,3.0,7.0,6.0,7.0,8.0,1.0,0.0,24.0,0.0,29.0,2.0,4.0,7.0,22.0,9.0,7.0,12.0,2.0,6.0,3.0,14.0,11.0,7.0,9.0,8.0,4.0,2.0,6.0,16.0,8.0,4.0,1.0,8.0,20.0,12.0,9.0,11.0,8.0,7.0,7.0,5.0,0.0
phlF,gene(13),atggcacgtaccccgagccgtagcagcattggtagcctgcgtagtccgcatacccataaagcaattctgaccagcaccattgaaatcctgaaagaatgtggttatagcggtctgagcattgaaagcgttgcacgtcgtgccggtgcaagcaaaccgaccatttatcgttggtggaccaataaagcagcactgattgccgaagtgtatgaaaatgaaagcgaacaggtgcgtaaatttccggatctgggtagctttaaagccgatctggattttctgctgcgtaatctgtggaaagtttggcgtgaaaccatttgtggtgaagcatttcgttgtgttattgcagaagcacagctggaccctgcaaccctgacccagctgaaagatcagtttatggaacgtcgtcgtgagatgccgaaaaaactggttgaaaatgccattagcaatggtgaactgccgaaagataccaatcgtgaactgctgctggatatgatttttggtttttgttggtatcgcctgctgaccgaacagctgaccgttgaacaggatattgaagaatttaccttcctgctgattaatggtgtttgtccgggtacacagcgttaa,gene,603,21.0,10.0,14.0,12.0,6.0,15.0,3.0,4.0,6.0,22.0,2.0,4.0,7.0,8.0,10.0,16.0,7.0,6.0,11.0,9.0,9.0,6.0,13.0,7.0,8.0,2.0,4.0,17.0,0.0,0.0,24.0,2.0,23.0,7.0,3.0,11.0,17.0,9.0,8.0,9.0,8.0,2.0,2.0,14.0,10.0,6.0,15.0,13.0,7.0,5.0,6.0,8.0,1.0,5.0,7.0,6.0,22.0,17.0,18.0,9.0,9.0,5.0,17.0,17.0,0.0
psrA,gene(13),atggcacagagcgaaaccgttgaacgtattctggatgcagcagaacagctgtttgcagaacgtggttttgcagaaaccagcctgcgtctgattaccagcaaagccggtgttaatctggcagcagtgaattatcattttggcagcaaaaaagcactgattcaggcagtttttagccgttttctgggtccgttttgtgcaagcctggaacgtgaactggaacgtcgtcaggcacgtccggaacagaaaccgagcctggaagaactgctggaaatgctggttgaacaggcactggcagttcagcctcgtagcaataatgatctgagcatttttatgcgtctgctgggtctggcatttagccagagccagggtcatctgcgtcgttatctggaagatatgtatggtaaagtgttccgtcgttatatgctgctggttaatgaagcagcaccgcgtgttccgcctctggaactgttttggcgtgttcattttatgctgggtgcagcagcatttagcatgagcggtattaaagcactgcgtgcaattgcagaaaccgattttggtattaacaccagcattgaacaggttatgcgtctgatggttccgtttctggcagcaggtatgcgtgcagatagcggtgttaccgatgaagcaatggcagcagcacagctgcgtccgcgtagcaaaaccagcaccagcgcaaccaccgcaaaagcataa,gene,714,16.0,18.0,10.0,8.0,7.0,12.0,5.0,6.0,10.0,35.0,6.0,4.0,5.0,5.0,16.0,14.0,9.0,10.0,34.0,9.0,8.0,0.0,14.0,5.0,4.0,5.0,4.0,24.0,0.0,2.0,29.0,0.0,21.0,0.0,5.0,9.0,41.0,9.0,14.0,8.0,8.0,11.0,4.0,15.0,8.0,12.0,12.0,20.0,7.0,2.0,6.0,13.0,6.0,6.0,4.0,12.0,13.0,21.0,24.0,9.0,15.0,9.0,10.0,24.0,0.0
qacR,gene(13),atgaacctgaaagataaaattctgggcgttgccaaagaactgtttatcaaaaatggctataacgcaaccaccaccggtgaaattgttaaactgagcgaaagcagcaaaggcaatctgtattatcactttaaaaccaaagagaacctgtttctggaaatcctgaacatcgaagaaagcaaatggcaagagcagtggaaaaaagaacaaatcaaatgcaaaaccaaccgcgagaaattctatctgtataatgaactgagcctgaccaccgaatattactatccgctgcagaatgccatcatcgagttttataccgagtactataaaaccaacagcatcaacgagaaaatgaacaaactggaaaacaaatacatcgatgcctaccacgtgatctttaaagaaggtaatctgaacggcgaatggtgcattaatgatgttaatgccgtgagcaaaattgcagcaaatgccgttaatggcattgttacctttacccatgagcagaatatcaacgaacgcattaaactgatgaacaaattcagccagatctttctgaatggcctgagcaaataa,gene,567,41.0,23.0,11.0,25.0,7.0,15.0,6.0,8.0,13.0,12.0,2.0,3.0,9.0,16.0,17.0,10.0,21.0,5.0,8.0,9.0,11.0,1.0,7.0,7.0,10.0,4.0,2.0,4.0,5.0,0.0,17.0,4.0,26.0,1.0,11.0,6.0,18.0,8.0,4.0,2.0,3.0,7.0,1.0,3.0,4.0,0.0,5.0,8.0,13.0,7.0,0.0,11.0,7.0,2.0,3.0,9.0,18.0,9.0,9.0,7.0,13.0,5.0,4.0,8.0,0.0
srpR,gene(13),atggcacgtaaaaccgcagcagaagcagaagaaacccgtcagcgtattattgatgcagcactggaagtttttgttgcacagggtgttagtgatgcaaccctggatcagattgcacgtaaagccggtgttacccgtggtgcagtttattggcattttaatggtaaactggaagttctgcaggcagttctggcaagccgtcagcatccgctggaactggattttacaccggatctgggtattgaacgtagctgggaagcagttgttgttgcaatgctggatgcagttcatagtccgcagagcaaacagtttagcgaaattctgatttatcagggtctggatgaaagcggtctgattcataatcgtatggttcaggcaagcgatcgttttctgcagtatattcatcaggttctgcgtcatgcagttacccagggtgaactgccgattaatctggatctgcagaccagcattggtgtttttaaaggtctgattaccggtctgctgtatgaaggtctgcgtagcaaagatcagcaggcacagattatcaaagttgcactgggtagcttttgggcactgctgcgtgaaccgcctcgttttctgctgtgtgaagaagcacagattaaacaggtgaaatccttcgaataa,gene,642,13.0,10.0,15.0,7.0,6.0,9.0,3.0,6.0,10.0,18.0,10.0,12.0,4.0,12.0,10.0,16.0,7.0,9.0,28.0,7.0,2.0,4.0,11.0,3.0,4.0,4.0,4.0,13.0,0.0,1.0,27.0,2.0,17.0,1.0,1.0,17.0,31.0,4.0,7.0,7.0,10.0,7.0,7.0,16.0,11.0,9.0,11.0,19.0,9.0,4.0,6.0,10.0,12.0,3.0,4.0,14.0,12.0,20.0,19.0,9.0,14.0,11.0,12.0,19.0,0.0
L3S2P21,terminator(6),ctcggtaccaaattccagaaaagaggcctcccgaaaggggggccttttttcgttttggtcc,terminator,61,4.0,0.0,2.0,1.0,0.0,1.0,0.0,0.0,2.0,0.0,2.0,0.0,0.0,0.0,0.0,1.0,1.0,0.0,1.0,0.0,2.0,1.0,1.0,2.0,1.0,0.0,1.0,1.0,0.0,2.0,0.0,1.0,2.0,0.0,1.0,0.0,0.0,2.0,0.0,0.0,0.0,2.0,4.0,2.0,1.0,1.0,0.0,1.0,0.0,1.0,0.0,0.0,0.0,3.0,2.0,0.0,0.0,0.0,1.0,0.0,0.0,2.0,1.0,6.0,3.0
L3S3P31b,terminator(6),ccaattattgaacaccctaacgggtgtttttttttttttggtctacc,terminator,47,0.0,2.0,0.0,1.0,1.0,2.0,1.0,0.0,0.0,0.0,0.0,0.0,0.0,0.0,0.0,2.0,1.0,1.0,0.0,0.0,1.0,1.0,0.0,1.0,0.0,0.0,1.0,0.0,2.0,0.0,0.0,0.0,1.0,0.0,0.0,0.0,0.0,0.0,0.0,0.0,0.0,0.0,1.0,2.0,0.0,1.0,1.0,1.0,1.0,1.0,0.0,1.0,0.0,0.0,0.0,1.0,1.0,0.0,1.0,1.0,1.0,0.0,2.0,11.0,3.0
L3S2P55,terminator(6),ctcggtaccaaagacgaacaataagacgctgaaaagcgtcttttttcgttttggtcc,terminator,57,3.0,1.0,3.0,1.0,1.0,1.0,2.0,0.0,2.0,1.0,0.0,0.0,1.0,0.0,0.0,0.0,2.0,0.0,0.0,0.0,1.0,0.0,0.0,0.0,1.0,1.0,1.0,2.0,0.0,1.0,1.0,1.0,2.0,2.0,0.0,0.0,0.0,0.0,1.0,1.0,0.0,0.0,0.0,2.0,1.0,2.0,0.0,1.0,1.0,1.0,0.0,0.0,0.0,1.0,2.0,1.0,1.0,0.0,1.0,0.0,0.0,1.0,1.0,6.0,3.0
L3S3P11b,terminator(6),ccaattattgaacacccttcggggtgtttttttgtttctggtctacc,terminator,47,0.0,1.0,0.0,1.0,1.0,2.0,0.0,0.0,0.0,0.0,0.0,0.0,0.0,0.0,0.0,2.0,1.0,1.0,0.0,0.0,1.0,1.0,0.0,1.0,0.0,0.0,1.0,0.0,1.0,0.0,1.0,1.0,1.0,0.0,0.0,0.0,0.0,0.0,0.0,0.0,0.0,0.0,2.0,2.0,0.0,1.0,1.0,2.0,0.0,1.0,0.0,1.0,0.0,0.0,1.0,2.0,1.0,0.0,1.0,2.0,1.0,2.0,2.0,6.0,3.0
L3S2P11,terminator(6),ctcggtaccaaattccagaaaagagacgctttcgagcgtcttttttcgttttggtcc,terminator,57,3.0,0.0,1.0,1.0,0.0,1.0,1.0,0.0,3.0,1.0,0.0,0.0,0.0,0.0,0.0,1.0,1.0,0.0,1.0,0.0,2.0,0.0,0.0,0.0,1.0,1.0,1.0,2.0,0.0,1.0,0.0,2.0,1.0,1.0,2.0,0.0,0.0,0.0,1.0,1.0,0.0,0.0,0.0,2.0,1.0,2.0,0.0,1.0,0.0,1.0,0.0,0.0,0.0,2.0,3.0,1.0,0.0,0.0,1.0,0.0,0.0,3.0,1.0,7.0,3.0
ECK120033736,terminator(6),aacgcatgagaaagcccccggaagatcaccttccgggggcttttttattgcgc,terminator,53,1.0,1.0,2.0,0.0,0.0,1.0,1.0,0.0,2.0,1.0,0.0,0.0,0.0,1.0,1.0,1.0,0.0,1.0,0.0,1.0,0.0,3.0,2.0,1.0,0.0,2.0,2.0,0.0,0.0,0.0,0.0,2.0,2.0,0.0,1.0,1.0,1.0,1.0,1.0,1.0,1.0,1.0,3.0,0.0,0.0,0.0,0.0,0.0,0.0,0.0,0.0,1.0,1.0,1.0,0.0,0.0,1.0,1.0,0.0,0.0,1.0,1.0,1.0,4.0,3.0
ECK120015170,terminator(6),acaattttcgaaaaaacccgcttcggcgggtttttttatagctaaaa,terminator,47,6.0,1.0,0.0,1.0,1.0,1.0,0.0,0.0,0.0,1.0,0.0,0.0,1.0,0.0,0.0,1.0,1.0,0.0,0.0,0.0,0.0,1.0,1.0,0.0,1.0,1.0,2.0,0.0,1.0,0.0,0.0,1.0,1.0,0.0,0.0,0.0,0.0,0.0,1.0,2.0,0.0,1.0,1.0,1.0,0.0,0.0,0.0,1.0,1.0,0.0,1.0,1.0,0.0,0.0,2.0,0.0,0.0,0.0,0.0,0.0,1.0,2.0,0.0,7.0,3.0
L3S2P24,terminator(6),ctcggtaccaaattccagaaaagacacccgaaagggtgttttttcgttttggtcc,terminator,55,4.0,0.0,2.0,1.0,1.0,2.0,0.0,0.0,2.0,0.0,1.0,0.0,0.0,0.0,0.0,1.0,1.0,1.0,1.0,0.0,2.0,1.0,1.0,0.0,1.0,0.0,1.0,1.0,0.0,1.0,0.0,0.0,2.0,1.0,0.0,0.0,0.0,0.0,0.0,0.0,0.0,0.0,1.0,3.0,1.0,1.0,1.0,2.0,0.0,1.0,0.0,0.0,0.0,2.0,2.0,0.0,0.0,0.0,1.0,1.0,0.0,2.0,1.0,6.0,3.0
ECK120010876,terminator(6),taaggttgaaaaataaaaacggcgctaaaaagcgccgttttttttgacggtggta,terminator,55,9.0,1.0,2.0,1.0,0.0,0.0,2.0,0.0,0.0,1.0,1.0,0.0,1.0,0.0,0.0,0.0,0.0,0.0,0.0,0.0,0.0,0.0,1.0,0.0,0.0,2.0,2.0,1.0,1.0,0.0,0.0,0.0,1.0,1.0,0.0,0.0,0.0,1.0,2.0,1.0,0.0,1.0,0.0,3.0,1.0,0.0,1.0,2.0,3.0,0.0,0.0,0.0,0.0,0.0,0.0,0.0,2.0,0.0,1.0,0.0,0.0,0.0,2.0,6.0,3.0
ECK120033737,terminator(6),ggaaacacagaaaaaagcccgcacctgacagtgcgggctttttttttcgaccaaagg,terminator,57,6.0,1.0,2.0,0.0,3.0,2.0,0.0,0.0,1.0,1.0,1.0,1.0,0.0,0.0,0.0,0.0,1.0,2.0,2.0,0.0,1.0,1.0,1.0,1.0,1.0,1.0,1.0,0.0,0.0,0.0,1.0,1.0,2.0,2.0,0.0,0.0,1.0,1.0,1.0,1.0,1.0,1.0,1.0,0.0,0.0,0.0,1.0,0.0,0.0,0.0,0.0,0.0,0.0,0.0,1.0,0.0,1.0,1.0,0.0,0.0,0.0,1.0,0.0,7.0,3.0
ECK120015440,terminator(6),tccggcaattaaaaaagcggctaaccacgccgctttttttacgtctgca,terminator,49,4.0,1.0,1.0,1.0,0.0,1.0,2.0,0.0,0.0,1.0,0.0,0.0,0.0,0.0,0.0,1.0,1.0,1.0,0.0,0.0,1.0,0.0,2.0,0.0,0.0,2.0,2.0,1.0,1.0,0.0,1.0,1.0,0.0,0.0,0.0,0.0,2.0,1.0,1.0,2.0,0.0,2.0,0.0,0.0,0.0,1.0,0.0,0.0,2.0,1.0,0.0,0.0,0.0,1.0,0.0,1.0,0.0,1.0,0.0,0.0,2.0,0.0,0.0,5.0,3.0
ECK120010818,terminator(6),gtcagtttcacctgttttacgtaaaaacccgcttcggcgggtttttacttttgg,terminator,54,3.0,1.0,0.0,0.0,0.0,2.0,1.0,1.0,0.0,0.0,0.0,1.0,0.0,0.0,0.0,0.0,0.0,1.0,1.0,0.0,0.0,1.0,1.0,1.0,0.0,1.0,2.0,1.0,0.0,0.0,1.0,2.0,0.0,0.0,0.0,0.0,0.0,0.0,1.0,1.0,0.0,1.0,1.0,1.0,1.0,1.0,0.0,3.0,1.0,2.0,0.0,0.0,2.0,0.0,1.0,0.0,0.0,0.0,1.0,1.0,2.0,2.0,1.0,8.0,3.0
ECK120029600,terminator(6),ttgagaagagaaaagaaaaccgccgatcctgtccaccgcattactgcaaggtagtggacaagaccggcggtcttaagttttttggctgaa,terminator,90,4.0,1.0,5.0,0.0,1.0,3.0,0.0,1.0,5.0,0.0,1.0,2.0,0.0,1.0,0.0,1.0,2.0,1.0,0.0,1.0,1.0,0.0,4.0,1.0,1.0,2.0,2.0,0.0,0.0,0.0,3.0,1.0,4.0,2.0,2.0,1.0,2.0,1.0,1.0,1.0,1.0,2.0,0.0,2.0,1.0,2.0,1.0,1.0,1.0,1.0,1.0,0.0,0.0,2.0,0.0,1.0,2.0,1.0,2.0,1.0,2.0,0.0,2.0,4.0,3.0
